TROVMCAD11,PS-Support
TROVMCAD2K17,PS-Support
TROVMCAD2K17-1,PS-Support
TROVMCAD2K17-2,PS-Support
TROVMCAD2K17-3,PS-Support
TROVMCLCAD102-1,PS-Support
TROVMCLCAD11GA1,PS-Support
TROVMCLCAD11GA2,PS-Support
TROVMCLCAD11GA3,PS-Support
TROVMCLMOB11GA1,PS-Support
TROVMCLMOB11GA2,PS-Support
TROVMCLMOB11GA3,PS-Support
TROVMCLRMS102-1,PS-Support
TROVMCLRMS11GA1,PS-Support
TROVMCLRMS11GA2,PS-Support
TROVMCLRMS11GA3,PS-Support
TROVMC-OPS-MGIS,PS-Support
TROVMC-OPS-M-S0,PS-Support
TROVMC-OPS-M-S1,PS-Support
TROVMC-OPS-M-S2,PS-Support
TROVMC-OPS-MSQL,PS-Support
TROVMMOB2K17,PS-Support
TROVMMOB2K17-1,PS-Support
TROVMMOB2K17-2,PS-Support
TROVMMOB2K17-3,PS-Support
TROVMMOBAGT1,PS-Support
TROVMMOBAGT2,PS-Support
TROVMMOBETT-1,PS-Support
TROVMMOBETT-2,PS-Support
TROVMMOB-TC-CE,PS-Support
TROVMSUPAMQPRD,PS-Support
TROVMSUPCADPRD,PS-Support
TROVMSUPELS1PRD,PS-Support
TROVMSUPELS2PRD,PS-Support
TROVMSUPELS3PRD,PS-Support
TROVMSUPESSPRD,PS-Support
TROVMSUPGIS,PS-Support
TROVMSUPMMSPRD,PS-Support
TROVMSUP-PS-IMS,PS-Support
TROVMSUPRLB,PS-Support
TROVMSUPRPT,PS-Support
TROVMSUPRSN1PRD,PS-Support
TROVMSUPRSN2PRD,PS-Support
TROVMSUPTCMPRD,PS-Support
TROVMCLMOB102-1,PS-Support
